Ramsar Site,State,Date of designation,Area (in ha),Protected  Area / Non-Protected Area Status,"Link for Ramsar Information Sheet (RIS), Healthcard & Fact sheet",Wetland type
Kolleru Lake,Andhra Pradesh,19-08-2002,90100,Protected  Area,https://indianwetlands.in/view-wetland/?profile=MTI4Nw==,Natural (Coastal)
Deepor Beel,Assam,19-08-2002,4000,Protected  Area,https://indianwetlands.in/view-wetland/?profile=MTI4Ng==,Natural (Inland)
Kanwar Taal,Bihar,21-07-2020,2620,Protected  Area,https://indianwetlands.in/view-wetland/?profile=MTQwNA==,Natural (Inland)
Nanda Lake,Goa,08-06-2022,42.01,Non-Protected  Area,https://indianwetlands.in/view-wetland/?profile=MjA0MQ==,Natural (Inland)
Khijadiya Wildlife Sanctuary,Gujarat,13-04-2021,511.745,Protected  Area,https://indianwetlands.in/view-wetland/?profile=MjA2Nw==,Natural (Coastal)
Nalsarovar,Gujarat,24-09-2012,12000,Protected  Area,https://indianwetlands.in/view-wetland/?profile=MTI4OQ==,Natural (Inland)
Thol Lake Wildlife Sanctuary,Gujarat,05-04-2021,699,Protected  Area,https://indianwetlands.in/view-wetland/?profile=MTU4Mw==,Human-made
Wadhvana Wetland,Gujarat,05-04-2021,630,Non-Protected  Area,https://indianwetlands.in/view-wetland/?profile=MTU4MQ==,Human-made
Sultanpur National Park,Haryana,25-05-2021,142.52,Protected  Area,https://indianwetlands.in/view-wetland/?profile=MTE0OQ==,Natural (Inland)
Bhindawas Wildlife Sanctuary,Haryana,25-05-2021,412,Protected  Area,https://indianwetlands.in/view-wetland/?profile=MTMxOQ==,Human-made
Chandra Taal,Himachal Pradesh,08-11-2005,49,Protected  Area,https://indianwetlands.in/view-wetland/?profile=MTMyOA==,Natural (Inland)
Pong Dam Lake,Himachal Pradesh,19-08-2002,15662,Protected  Area,https://indianwetlands.in/view-wetland/?profile=MTI5MA==,Human-made
Renuka Lake,Himachal Pradesh,08-11-2005,20,Protected  Area,https://indianwetlands.in/view-wetland/?profile=MTM2NA==,Natural (Inland)
Hokersar Wetland,Jammu & Kashmir,08-11-2005,1375,Partial Protected  Area,https://indianwetlands.in/view-wetland/?profile=MTMzNg==,Natural (Inland)
Hygam Wetland Conservation Reserve,Jammu & Kashmir,08-06-2022,801.82,Protected  Area,https://indianwetlands.in/view-wetland/?profile=MjEyMg==,Natural (Inland)
Shallbugh Wetland Conservation Reserve,Jammu & Kashmir,08-06-2022,1675,Protected  Area,https://indianwetlands.in/view-wetland/?profile=MjEyMQ==,Natural (Inland)
Wular Lake,Jammu & Kashmir,23-03-1990,18900,Non-Protected  Area,https://indianwetlands.in/view-wetland/?profile=MTExNw==,Natural (Inland)
Surinsar-Mansar Lakes,Jammu & Kashmir,08-11-2005,350,Protected  Area,https://indianwetlands.in/view-wetland/?profile=MTM0OA==,Natural (Inland)
Ranganathittu Bird Sanctuary,Karnataka,15-02-2022,517.7,Protected  Area,https://indianwetlands.in/view-wetland/?profile=MjA1NA==,Natural (Inland)
Ashtamudi Wetland,Kerala,19-08-2002,6140,Non-Protected  Area,https://indianwetlands.in/view-wetland/?profile=MTI4NA==,Natural (Coastal)
Sasthamkotta Lake,Kerala,19-08-2002,373,Non-Protected  Area,https://indianwetlands.in/view-wetland/?profile=MTI4Mg==,Natural (Inland)
Vembanad-Kol Wetland Complex,Kerala,19-08-2002,151250,Non-Protected  Area,https://indianwetlands.in/view-wetland/?profile=MTI5Mg==,Natural (Coastal)
Tso Kar Wetland Complex,Ladakh,17-11-2020,9577,Non-Protected  Area,https://indianwetlands.in/view-wetland/?profile=MTEyMA==,NA
Tsomoriri,Ladakh,19-08-2002,12000,Protected  Area,https://indianwetlands.in/view-wetland/?profile=MTI5Mw==,Natural (Inland)
Bhoj Wetland Bhopal,Madhya Pradesh,19-08-2002,3201,Non-Protected  Area,https://indianwetlands.in/view-wetland/?profile=MTI4NQ==,Human-made
"Yashwant Sagar, Indore",Madhya Pradesh,07-01-2022,822.9,Non-Protected  Area,https://indianwetlands.in/view-wetland/?profile=MjEyMA==,Human-made
"Sakhya Sagar, Shivpuri",Madhya Pradesh,07-01-2022,248,Protected  Area,https://indianwetlands.in/view-wetland/?profile=MjA0Mw==,Human-made
"Sirpur Wetland, Indore",Madhya Pradesh,07-01-2022,161,Non-Protected  Area,https://indianwetlands.in/view-wetland/?profile=MjA1Nw==,Human-made
Lonar Lake,Maharashtra,22-07-2020,427,Protected  Area,https://indianwetlands.in/view-wetland/?profile=MTI5Nw==,Natural (Inland)
Nandur-Madhameshwar,Maharashtra,21-06-2019,1437,Partial Protected  Area,https://indianwetlands.in/view-wetland/?profile=MTMwNA==,Natural (Inland)
Thane Creek,Maharashtra,13-04-2022,6521.08,Protected  Area,https://indianwetlands.in/view-wetland/?profile=MjEyMw==,Natural (Coastal)
Loktak Lake,Manipur,23-03-1990,26600,Protected  Area,https://indianwetlands.in/view-wetland/?profile=MTEyMw==,Natural (Inland)
Pala Wetland,Mizoram,31-08-2021,1850,Protected  Area,https://indianwetlands.in/view-wetland/?profile=MjA1MQ==,Natural (Inland)
Ansupa Lake,Odisha,12-10-2021,231,Non-Protected  Area,https://indianwetlands.in/view-wetland/?profile=MjEwOA==,Natural (Inland)
Bhitarkanika Mangroves,Odisha,19-08-2002,65000,Protected  Area,https://indianwetlands.in/view-wetland/?profile=MTI4Mw==,Natural (Coastal)
Chilika Lake,Odisha,01-10-1981,116500,Protected  Area,https://indianwetlands.in/view-wetland/?profile=MTEyNA==,Natural (Coastal)
Hirakud Reservoir,Odisha,12-10-2021,65400,Partial Protected  Area,https://indianwetlands.in/view-wetland/?profile=MjExNg==,Human-made
Satkosia Gorge,Odisha,12-10-2021,98196.72,Protected  Area,https://indianwetlands.in/view-wetland/?profile=MjExNw==,Natural (Inland)
Tampara Lake,Odisha,12-10-2021,300,Non-Protected  Area,https://indianwetlands.in/view-wetland/?profile=MjEwNw==,Natural (Inland)
Beas Conservation Reserve,Punjab,26-09-2019,6428.92,Protected  Area,https://indianwetlands.in/view-wetland/?profile=MTMwMg==,Natural (Inland)
Harike Wetland,Punjab,23-03-1990,4100,Protected  Area,https://indianwetlands.in/view-wetland/?profile=MTEyNw==,Natural (Inland)
Kanjli Wetland,Punjab,22-01-2002,183,Protected  Area,https://indianwetlands.in/view-wetland/?profile=MTI5NA==,Natural (Inland)
Keshopur-Miani Community Reserve,Punjab,26-09-2019,343.9,Protected  Area,https://indianwetlands.in/view-wetland/?profile=MTMwMw==,Natural (Inland)
Nangal Wildlife Sanctuary,Punjab,26-09-2019,116,Protected  Area,https://indianwetlands.in/view-wetland/?profile=MTMwNQ==,Natural (Inland)
Ropar Wetland,Punjab,22-01-2002,1365,Protected  Area,https://indianwetlands.in/view-wetland/?profile=MTI5NQ==,Human-made
Keoladeo National Park,Rajasthan,01-10-1981,2873,Protected  Area,https://indianwetlands.in/view-wetland/?profile=MTEwMA==,Natural (Inland)
Sambhar Lake,Rajasthan,23-03-1990,24000,Non-Protected  Area,https://indianwetlands.in/view-wetland/?profile=MTEwMQ==,Natural (Inland)
Chitrangudi Bird Sanctuary,Tamil Nadu,08-11-2021,260.47,Protected  Area,https://indianwetlands.in/view-wetland/?profile=MjEwMA==,Natural (Inland)
Gulf of Mannar Marine Biosphere Reserve,Tamil Nadu,08-04-2022,52671.876,Protected  Area,https://indianwetlands.in/view-wetland/?profile=MjA0NQ==,Natural (Coastal)
Kanjirankulam Bird Sanctuary,Tamil Nadu,08-04-2022,96.891,Protected  Area,https://indianwetlands.in/view-wetland/?profile=MjEwNA==,Natural (Inland)
Koonthankulam Bird Sanctuary,Tamil Nadu,08-11-2021,72.04,Protected  Area,https://indianwetlands.in/view-wetland/?profile=MjA3Ng==,Natural (Inland)
Pallikaranai Marsh Reserve Forest,Tamil Nadu,08-04-2022,1247.537,Partial Protected  Area,https://indianwetlands.in/view-wetland/?profile=MjA1Mg==,Natural (Inland)
Pichavaram Mangrove,Tamil Nadu,08-04-2022,1478.642,Protected  Area,https://indianwetlands.in/view-wetland/?profile=MjA1Mw==,Natural (Coastal)
Point Calimere Wildlife and Bird Sanctuary,Tamil Nadu,19-08-2002,38500,Protected  Area,https://indianwetlands.in/view-wetland/?profile=MTIyMg==,Natural (Coastal)
Suchindram Theroor Wetland Complex,Tamil Nadu,08-04-2022,94.229,Protected  Area,https://indianwetlands.in/view-wetland/?profile=MjEyNA==,Natural (Inland)
Vembannur Wetland Complex,Tamil Nadu,08-04-2022,19.746,Protected  Area,https://indianwetlands.in/view-wetland/?profile=MjA3OA==,Human-made
Vadavur Bird Sanctuary,Tamil Nadu,08-04-2022,112.638,Protected  Area,https://indianwetlands.in/view-wetland/?profile=MjEwNg==,Natural (Inland)
Udhayamarthandapuram Bird Sanctuary,Tamil Nadu,08-04-2022,43.767,Protected  Area,https://indianwetlands.in/view-wetland/?profile=MjA2MQ==,Human-made
Vellode Bird Sanctuary,Tamil Nadu,08-04-2022,77.185,Protected  Area,https://indianwetlands.in/view-wetland/?profile=MjA2NA==,Human-made
Vedanthangal Bird Sanctuary,Tamil Nadu,08-04-2022,40.348,Protected  Area,https://indianwetlands.in/view-wetland/?profile=MjA2Mw==,Natural (Inland)
Karikili Bird Sanctuary,Tamil Nadu,08-04-2022,58.442,Protected  Area,https://indianwetlands.in/view-wetland/?profile=MjA0OQ==,Natural (Inland)
Rudrasagar Lake,Tripura,08-11-2005,240,Protected  Area,https://indianwetlands.in/view-wetland/?profile=MTM0Nw==,Natural (Inland)
Asan Conservation Reserve,Uttarakhand,21-07-2020,444.4,Partial Protected  Area,https://indianwetlands.in/view-wetland/?profile=MTI5Ng==,Natural (Inland)
Bakhira Sanctuary,Uttar Pradesh,29-06-2021,2894,Protected  Area,https://indianwetlands.in/view-wetland/?profile=MjA3OQ==,Natural (Inland)
Haiderpur Wetland,Uttar Pradesh,13-04-2021,6908,Protected  Area,https://indianwetlands.in/view-wetland/?profile=MjA4MA==,Human-made
Samaspur Bird Sanctuary,Uttar Pradesh,03-10-2019,799.371,Protected  Area,https://indianwetlands.in/view-wetland/?profile=MTMxMA==,Natural (Inland)
Nawabganj Bird Sanctuary,Uttar Pradesh,19-09-2019,224.6,Protected  Area,https://indianwetlands.in/view-wetland/?profile=MTMwNw==,Natural (Inland)
Sandi Bird Sanctuary,Uttar Pradesh,26-09-2019,308.54,Protected  Area,https://indianwetlands.in/view-wetland/?profile=MTMxMQ==,Natural (Inland)
Parvati Arga Bird Sanctuary,Uttar Pradesh,02-12-2019,722,Protected  Area,https://indianwetlands.in/view-wetland/?profile=MTMwOA==,Natural (Inland)
Saman Bird Sanctuary,Uttar Pradesh,02-12-2019,526.3,Protected  Area,https://indianwetlands.in/view-wetland/?profile=MTMwOQ==,Natural (Inland)
Sur Sarovar Bird Sanctuary (Keetham),Uttar Pradesh,21-08-2020,431,Protected  Area,https://indianwetlands.in/view-wetland/?profile=MTI5OA==,Natural (Inland)
Sarsai Nawar Jheel,Uttar Pradesh,19-09-2019,161.27,Protected  Area,https://indianwetlands.in/view-wetland/?profile=MTMxMg==,Natural (Inland)
Upper Ganga River,Uttar Pradesh,08-11-2005,26590,Non-Protected  Area,https://indianwetlands.in/view-wetland/?profile=MTI5MQ==,Natural (Inland)
East Kolkata Wetlands,West Bengal,19-08-2002,12500,Non-Protected  Area,https://indianwetlands.in/view-wetland/?profile=MTE1MQ==,Natural (Inland)
Sundarban Wetland,West Bengal,30-01-2019,423000,Protected  Area,https://indianwetlands.in/view-wetland/?profile=MTMwMA==,Natural (Coastal)
