MMSI,vessel_name,vessel_type,timestamp,latitude,longitude,SOG_knots,COG_degrees,heading_degrees
419001428,MV OCEAN STAR,Product Tanker,2026-08-28 09:02:13.675215+00:00,18.995284,72.835099,9.5,56.0,56.0
419001428,MV OCEAN STAR,Product Tanker,2026-08-28 09:32:13.675215+00:00,19.000734,72.8419,9.5,56.0,56.0
419001428,MV OCEAN STAR,Product Tanker,2026-08-28 10:02:13.675215+00:00,19.003095,72.84772,9.5,56.0,56.0
419001428,MV OCEAN STAR,Product Tanker,2026-08-28 10:32:13.675215+00:00,19.0071,72.852913,9.5,56.0,56.0
419001428,MV OCEAN STAR,Product Tanker,2026-08-28 11:02:13.675215+00:00,19.011665,72.857755,9.5,56.0,56.0
419001428,MV OCEAN STAR,Product Tanker,2026-08-28 11:32:13.675215+00:00,19.014091,72.864836,9.5,56.0,56.0
419001428,MV OCEAN STAR,Product Tanker,2026-08-28 12:02:13.675215+00:00,19.018661,72.871537,9.5,56.0,56.0
419001428,MV OCEAN STAR,Product Tanker,2026-08-28 12:32:13.675215+00:00,19.022745,72.876156,9.5,56.0,56.0
419001428,MV OCEAN STAR,Product Tanker,2026-08-28 13:02:13.675215+00:00,19.028644,72.883105,9.5,56.0,56.0
419001428,MV OCEAN STAR,Product Tanker,2026-08-28 13:32:13.675215+00:00,19.031525,72.888146,9.5,56.0,56.0
419001428,MV OCEAN STAR,Product Tanker,2026-08-28 14:02:13.675215+00:00,19.035035,72.895375,9.5,56.0,56.0
419001428,MV OCEAN STAR,Product Tanker,2026-08-28 14:32:13.675215+00:00,19.03855,72.901587,9.5,56.0,56.0
419001428,MV OCEAN STAR,Product Tanker,2026-08-28 15:02:13.675215+00:00,19.04299,72.907053,2.0,56.0,56.0
419001428,MV OCEAN STAR,Product Tanker,2026-08-28 15:32:13.675215+00:00,19.04699,72.914768,2.0,56.0,56.0
419001428,MV OCEAN STAR,Product Tanker,2026-08-28 16:02:13.675215+00:00,19.05146,72.91844,2.0,56.0,56.0
419001428,MV OCEAN STAR,Product Tanker,2026-08-28 16:32:13.675215+00:00,19.056129,72.924309,9.5,56.0,56.0
419001428,MV OCEAN STAR,Product Tanker,2026-08-28 17:02:13.675215+00:00,19.059638,72.929718,9.5,56.0,56.0
419001428,MV OCEAN STAR,Product Tanker,2026-08-28 17:32:13.675215+00:00,19.062408,72.937443,9.5,56.0,56.0
419001428,MV OCEAN STAR,Product Tanker,2026-08-28 18:02:13.675215+00:00,19.068062,72.943423,9.5,56.0,56.0
419001428,MV OCEAN STAR,Product Tanker,2026-08-28 18:32:13.675215+00:00,19.071378,72.949045,9.5,56.0,56.0
419001428,MV OCEAN STAR,Product Tanker,2026-08-28 19:02:13.675215+00:00,19.074288,72.95471,9.5,56.0,56.0
419001428,MV OCEAN STAR,Product Tanker,2026-08-28 19:32:13.675215+00:00,19.079102,72.962132,9.5,56.0,56.0
419001428,MV OCEAN STAR,Product Tanker,2026-08-28 20:02:13.675215+00:00,19.083746,72.965876,9.5,56.0,56.0
419001428,MV OCEAN STAR,Product Tanker,2026-08-28 20:32:13.675215+00:00,19.08773,72.972978,9.5,56.0,56.0
419001428,MV OCEAN STAR,Product Tanker,2026-08-28 21:02:13.675215+00:00,19.090929,72.979775,9.5,56.0,56.0
419002317,MV ARABIAN TRADER,Bulk Carrier,2026-08-28 09:02:13.675215+00:00,19.0468,72.791039,10.0,85.0,85.0
419002317,MV ARABIAN TRADER,Bulk Carrier,2026-08-28 09:32:13.675215+00:00,19.047736,72.802066,10.0,85.0,85.0
419002317,MV ARABIAN TRADER,Bulk Carrier,2026-08-28 10:02:13.675215+00:00,19.047088,72.811137,10.0,85.0,85.0
419002317,MV ARABIAN TRADER,Bulk Carrier,2026-08-28 10:32:13.675215+00:00,19.046586,72.820329,10.0,85.0,85.0
419002317,MV ARABIAN TRADER,Bulk Carrier,2026-08-28 11:02:13.675215+00:00,19.048121,72.832371,10.0,85.0,85.0
419002317,MV ARABIAN TRADER,Bulk Carrier,2026-08-28 11:32:13.675215+00:00,19.047413,72.842089,10.0,85.0,85.0
419002317,MV ARABIAN TRADER,Bulk Carrier,2026-08-28 12:02:13.675215+00:00,19.04776,72.85077,10.0,85.0,85.0
419002317,MV ARABIAN TRADER,Bulk Carrier,2026-08-28 12:32:13.675215+00:00,19.04776,72.862516,10.0,85.0,85.0
419002317,MV ARABIAN TRADER,Bulk Carrier,2026-08-28 13:02:13.675215+00:00,19.047442,72.872538,10.0,85.0,85.0
419002317,MV ARABIAN TRADER,Bulk Carrier,2026-08-28 13:32:13.675215+00:00,19.045375,72.881944,10.0,85.0,85.0
419002317,MV ARABIAN TRADER,Bulk Carrier,2026-08-28 14:02:13.675215+00:00,19.047541,72.891047,10.0,85.0,85.0
419002317,MV ARABIAN TRADER,Bulk Carrier,2026-08-28 14:32:13.675215+00:00,19.047544,72.899696,10.0,85.0,85.0
419002317,MV ARABIAN TRADER,Bulk Carrier,2026-08-28 15:02:13.675215+00:00,19.047295,72.911572,10.0,85.0,85.0
419002317,MV ARABIAN TRADER,Bulk Carrier,2026-08-28 15:32:13.675215+00:00,19.048653,72.920871,10.0,85.0,85.0
419002317,MV ARABIAN TRADER,Bulk Carrier,2026-08-28 16:02:13.675215+00:00,19.046824,72.930885,10.0,85.0,85.0
419002317,MV ARABIAN TRADER,Bulk Carrier,2026-08-28 16:32:13.675215+00:00,19.048203,72.941549,10.0,85.0,85.0
419002317,MV ARABIAN TRADER,Bulk Carrier,2026-08-28 17:02:13.675215+00:00,19.047047,72.951697,10.0,85.0,85.0
419002317,MV ARABIAN TRADER,Bulk Carrier,2026-08-28 17:32:13.675215+00:00,19.047549,72.962061,10.0,85.0,85.0
419002317,MV ARABIAN TRADER,Bulk Carrier,2026-08-28 18:02:13.675215+00:00,19.046909,72.971024,10.0,85.0,85.0
419002317,MV ARABIAN TRADER,Bulk Carrier,2026-08-28 18:32:13.675215+00:00,19.047157,72.980115,10.0,85.0,85.0
419002317,MV ARABIAN TRADER,Bulk Carrier,2026-08-28 19:02:13.675215+00:00,19.047708,72.991495,10.0,85.0,85.0
419002317,MV ARABIAN TRADER,Bulk Carrier,2026-08-28 19:32:13.675215+00:00,19.047475,73.001098,10.0,85.0,85.0
419002317,MV ARABIAN TRADER,Bulk Carrier,2026-08-28 20:02:13.675215+00:00,19.046339,73.010949,10.0,85.0,85.0
419002317,MV ARABIAN TRADER,Bulk Carrier,2026-08-28 20:32:13.675215+00:00,19.047197,73.020644,10.0,85.0,85.0
419002317,MV ARABIAN TRADER,Bulk Carrier,2026-08-28 21:02:13.675215+00:00,19.047342,73.031609,10.0,85.0,85.0
419000953,MV WESTERN PEARL,Crude Oil Tanker,2026-08-28 09:02:13.675215+00:00,18.891936,72.757265,11.0,45.0,45.0
419000953,MV WESTERN PEARL,Crude Oil Tanker,2026-08-28 09:32:13.675215+00:00,18.906019,72.771757,11.0,45.0,45.0
419000953,MV WESTERN PEARL,Crude Oil Tanker,2026-08-28 10:02:13.675215+00:00,18.918317,72.782527,11.0,45.0,45.0
419000953,MV WESTERN PEARL,Crude Oil Tanker,2026-08-28 10:32:13.675215+00:00,18.930943,72.793851,11.0,45.0,45.0
419000953,MV WESTERN PEARL,Crude Oil Tanker,2026-08-28 11:02:13.675215+00:00,18.944385,72.807888,11.0,45.0,45.0
419000953,MV WESTERN PEARL,Crude Oil Tanker,2026-08-28 11:32:13.675215+00:00,18.956604,72.819058,11.0,45.0,45.0
419000953,MV WESTERN PEARL,Crude Oil Tanker,2026-08-28 12:02:13.675215+00:00,18.969593,72.831165,11.0,45.0,45.0
419000953,MV WESTERN PEARL,Crude Oil Tanker,2026-08-28 12:32:13.675215+00:00,18.98144,72.846538,11.0,45.0,45.0
419000953,MV WESTERN PEARL,Crude Oil Tanker,2026-08-28 13:02:13.675215+00:00,18.992679,72.856833,11.0,45.0,45.0
419000953,MV WESTERN PEARL,Crude Oil Tanker,2026-08-28 13:32:13.675215+00:00,19.006051,72.869383,11.0,45.0,45.0
419000953,MV WESTERN PEARL,Crude Oil Tanker,2026-08-28 14:02:13.675215+00:00,19.01723,72.882341,11.0,45.0,45.0
419000953,MV WESTERN PEARL,Crude Oil Tanker,2026-08-28 14:32:13.675215+00:00,19.030121,72.895165,11.0,45.0,45.0
419000953,MV WESTERN PEARL,Crude Oil Tanker,2026-08-28 15:02:13.675215+00:00,19.042735,72.908526,11.0,45.0,45.0
419000953,MV WESTERN PEARL,Crude Oil Tanker,2026-08-28 15:32:13.675215+00:00,19.055344,72.919528,11.0,45.0,45.0
419000953,MV WESTERN PEARL,Crude Oil Tanker,2026-08-28 16:02:13.675215+00:00,19.069122,72.931301,11.0,45.0,45.0
419000953,MV WESTERN PEARL,Crude Oil Tanker,2026-08-28 16:32:13.675215+00:00,19.081153,72.945832,11.0,45.0,45.0
419000953,MV WESTERN PEARL,Crude Oil Tanker,2026-08-28 17:02:13.675215+00:00,19.092185,72.957434,11.0,45.0,45.0
419000953,MV WESTERN PEARL,Crude Oil Tanker,2026-08-28 17:32:13.675215+00:00,19.106179,72.970411,11.0,45.0,45.0
419000953,MV WESTERN PEARL,Crude Oil Tanker,2026-08-28 18:02:13.675215+00:00,19.117481,72.98123,11.0,45.0,45.0
419000953,MV WESTERN PEARL,Crude Oil Tanker,2026-08-28 18:32:13.675215+00:00,19.131389,72.995024,11.0,45.0,45.0
419000953,MV WESTERN PEARL,Crude Oil Tanker,2026-08-28 19:02:13.675215+00:00,19.143671,73.007563,11.0,45.0,45.0
419000953,MV WESTERN PEARL,Crude Oil Tanker,2026-08-28 19:32:13.675215+00:00,19.155427,73.019972,11.0,45.0,45.0
419000953,MV WESTERN PEARL,Crude Oil Tanker,2026-08-28 20:02:13.675215+00:00,19.168705,73.031715,11.0,45.0,45.0
419000953,MV WESTERN PEARL,Crude Oil Tanker,2026-08-28 20:32:13.675215+00:00,19.182464,73.045165,11.0,45.0,45.0
419000953,MV WESTERN PEARL,Crude Oil Tanker,2026-08-28 21:02:13.675215+00:00,19.192518,73.057811,11.0,45.0,45.0
419003104,MV KONKAN EXPRESS,Container Feeder,2026-08-28 09:02:13.675215+00:00,19.054242,72.817616,8.0,90.0,90.0
419003104,MV KONKAN EXPRESS,Container Feeder,2026-08-28 09:32:13.675215+00:00,19.054129,72.826303,8.0,90.0,90.0
419003104,MV KONKAN EXPRESS,Container Feeder,2026-08-28 10:02:13.675215+00:00,19.053275,72.831683,8.0,90.0,90.0
419003104,MV KONKAN EXPRESS,Container Feeder,2026-08-28 10:32:13.675215+00:00,19.052759,72.839133,8.0,90.0,90.0
419003104,MV KONKAN EXPRESS,Container Feeder,2026-08-28 11:02:13.675215+00:00,19.053409,72.847559,8.0,90.0,90.0
419003104,MV KONKAN EXPRESS,Container Feeder,2026-08-28 11:32:13.675215+00:00,19.053692,72.855448,8.0,90.0,90.0
419003104,MV KONKAN EXPRESS,Container Feeder,2026-08-28 12:02:13.675215+00:00,19.053481,72.863449,8.0,90.0,90.0
419003104,MV KONKAN EXPRESS,Container Feeder,2026-08-28 12:32:13.675215+00:00,19.053259,72.871962,8.0,90.0,90.0
419003104,MV KONKAN EXPRESS,Container Feeder,2026-08-28 13:02:13.675215+00:00,19.053972,72.8766,8.0,90.0,90.0
419003104,MV KONKAN EXPRESS,Container Feeder,2026-08-28 13:32:13.675215+00:00,19.052614,72.885172,8.0,90.0,90.0
419003104,MV KONKAN EXPRESS,Container Feeder,2026-08-28 16:32:13.675215+00:00,19.053292,72.930357,8.0,90.0,90.0
419003104,MV KONKAN EXPRESS,Container Feeder,2026-08-28 17:02:13.675215+00:00,19.05385,72.937228,8.0,90.0,90.0
419003104,MV KONKAN EXPRESS,Container Feeder,2026-08-28 17:32:13.675215+00:00,19.052794,72.943574,8.0,90.0,90.0
419003104,MV KONKAN EXPRESS,Container Feeder,2026-08-28 18:02:13.675215+00:00,19.053114,72.952971,8.0,90.0,90.0
419003104,MV KONKAN EXPRESS,Container Feeder,2026-08-28 18:32:13.675215+00:00,19.053642,72.958789,8.0,90.0,90.0
419003104,MV KONKAN EXPRESS,Container Feeder,2026-08-28 19:02:13.675215+00:00,19.05361,72.967594,8.0,90.0,90.0
419003104,MV KONKAN EXPRESS,Container Feeder,2026-08-28 19:32:13.675215+00:00,19.052764,72.974909,8.0,90.0,90.0
419003104,MV KONKAN EXPRESS,Container Feeder,2026-08-28 20:02:13.675215+00:00,19.053518,72.981372,8.0,90.0,90.0
419003104,MV KONKAN EXPRESS,Container Feeder,2026-08-28 20:32:13.675215+00:00,19.053757,72.990235,8.0,90.0,90.0
419003104,MV KONKAN EXPRESS,Container Feeder,2026-08-28 21:02:13.675215+00:00,19.054337,72.998129,8.0,90.0,90.0
419001872,MV BLUE HORIZON,Chemical Tanker,2026-08-28 09:02:13.675215+00:00,19.010161,72.86083,12.28,291.64,291.64
419001872,MV BLUE HORIZON,Chemical Tanker,2026-08-28 09:32:13.675215+00:00,19.080123,72.672268,12.28,291.64,291.64
419001872,MV BLUE HORIZON,Chemical Tanker,2026-08-28 10:02:13.675215+00:00,19.150346,72.485492,12.28,291.64,291.64
419001872,MV BLUE HORIZON,Chemical Tanker,2026-08-28 10:32:13.675215+00:00,19.219248,72.299189,12.28,291.64,291.64
419001872,MV BLUE HORIZON,Chemical Tanker,2026-08-28 11:02:13.675215+00:00,19.288799,72.112004,12.28,291.64,291.64
419001872,MV BLUE HORIZON,Chemical Tanker,2026-08-28 11:32:13.675215+00:00,19.358946,71.92587,12.28,291.64,291.64
419001872,MV BLUE HORIZON,Chemical Tanker,2026-08-28 12:02:13.675215+00:00,19.431104,71.737922,12.28,291.64,291.64
419001872,MV BLUE HORIZON,Chemical Tanker,2026-08-28 12:32:13.675215+00:00,19.499718,71.551737,12.28,291.64,291.64
419001872,MV BLUE HORIZON,Chemical Tanker,2026-08-28 13:02:13.675215+00:00,19.568709,71.367509,12.28,291.64,291.64
419001872,MV BLUE HORIZON,Chemical Tanker,2026-08-28 13:32:13.675215+00:00,19.639055,71.179387,12.28,291.64,291.64
419001872,MV BLUE HORIZON,Chemical Tanker,2026-08-28 14:02:13.675215+00:00,19.708348,70.994404,12.28,291.64,291.64
419001872,MV BLUE HORIZON,Chemical Tanker,2026-08-28 14:32:13.675215+00:00,19.778254,70.807645,12.28,291.64,291.64
419001872,MV BLUE HORIZON,Chemical Tanker,2026-08-28 15:02:13.675215+00:00,19.848791,70.620562,12.28,291.64,291.64
419001872,MV BLUE HORIZON,Chemical Tanker,2026-08-28 15:32:13.675215+00:00,19.920387,70.435201,12.28,291.64,291.64
419001872,MV BLUE HORIZON,Chemical Tanker,2026-08-28 16:02:13.675215+00:00,19.986969,70.248455,12.28,291.64,291.64
419001872,MV BLUE HORIZON,Chemical Tanker,2026-08-28 16:32:13.675215+00:00,20.057977,70.062599,12.28,291.64,291.64
419001872,MV BLUE HORIZON,Chemical Tanker,2026-08-28 17:02:13.675215+00:00,20.12779,69.875436,12.28,291.64,291.64
419001872,MV BLUE HORIZON,Chemical Tanker,2026-08-28 17:32:13.675215+00:00,20.198745,69.689832,12.28,291.64,291.64
419001872,MV BLUE HORIZON,Chemical Tanker,2026-08-28 18:02:13.675215+00:00,20.267298,69.502483,12.28,291.64,291.64
419001872,MV BLUE HORIZON,Chemical Tanker,2026-08-28 18:32:13.675215+00:00,20.337795,69.315839,12.28,291.64,291.64
419001872,MV BLUE HORIZON,Chemical Tanker,2026-08-28 19:02:13.675215+00:00,20.409505,69.130297,12.28,291.64,291.64
419001872,MV BLUE HORIZON,Chemical Tanker,2026-08-28 19:32:13.675215+00:00,20.477001,68.944319,12.28,291.64,291.64
419001872,MV BLUE HORIZON,Chemical Tanker,2026-08-28 20:02:13.675215+00:00,20.549625,68.758021,12.28,291.64,291.64
419001872,MV BLUE HORIZON,Chemical Tanker,2026-08-28 20:32:13.675215+00:00,20.616628,68.570419,12.28,291.64,291.64
419001872,MV BLUE HORIZON,Chemical Tanker,2026-08-28 21:02:13.675215+00:00,20.688775,68.383852,12.28,291.64,291.64
563087200,MV SEA BREEZE,Container Ship,2026-08-28 09:02:13.675215+00:00,18.92728,72.815763,5.41,14.66,14.66
563087200,MV SEA BREEZE,Container Ship,2026-08-28 09:32:13.675215+00:00,19.007019,72.837455,5.41,14.66,14.66
563087200,MV SEA BREEZE,Container Ship,2026-08-28 10:02:13.675215+00:00,19.086003,72.859042,5.41,14.66,14.66
563087200,MV SEA BREEZE,Container Ship,2026-08-28 10:32:13.675215+00:00,19.169229,72.881222,5.41,14.66,14.66
563087200,MV SEA BREEZE,Container Ship,2026-08-28 11:02:13.675215+00:00,19.251573,72.903435,5.41,14.66,14.66
563087200,MV SEA BREEZE,Container Ship,2026-08-28 11:32:13.675215+00:00,19.33075,72.927043,5.41,14.66,14.66
563087200,MV SEA BREEZE,Container Ship,2026-08-28 12:02:13.675215+00:00,19.413091,72.948148,5.41,14.66,14.66
563087200,MV SEA BREEZE,Container Ship,2026-08-28 12:32:13.675215+00:00,19.493703,72.971664,5.41,14.66,14.66
563087200,MV SEA BREEZE,Container Ship,2026-08-28 13:02:13.675215+00:00,19.572823,72.994384,5.41,14.66,14.66
563087200,MV SEA BREEZE,Container Ship,2026-08-28 13:32:13.675215+00:00,19.654603,73.015893,5.41,14.66,14.66
563087200,MV SEA BREEZE,Container Ship,2026-08-28 14:02:13.675215+00:00,19.735335,73.038424,5.41,14.66,14.66
563087200,MV SEA BREEZE,Container Ship,2026-08-28 14:32:13.675215+00:00,19.816205,73.061621,5.41,14.66,14.66
563087200,MV SEA BREEZE,Container Ship,2026-08-28 15:02:13.675215+00:00,19.898218,73.08246,5.41,14.66,14.66
563087200,MV SEA BREEZE,Container Ship,2026-08-28 15:32:13.675215+00:00,19.979491,73.104247,5.41,14.66,14.66
563087200,MV SEA BREEZE,Container Ship,2026-08-28 16:02:13.675215+00:00,20.058499,73.128639,5.41,14.66,14.66
563087200,MV SEA BREEZE,Container Ship,2026-08-28 16:32:13.675215+00:00,20.139681,73.150029,5.41,14.66,14.66
563087200,MV SEA BREEZE,Container Ship,2026-08-28 17:02:13.675215+00:00,20.220125,73.172491,5.41,14.66,14.66
563087200,MV SEA BREEZE,Container Ship,2026-08-28 17:32:13.675215+00:00,20.300655,73.195924,5.41,14.66,14.66
563087200,MV SEA BREEZE,Container Ship,2026-08-28 18:02:13.675215+00:00,20.382247,73.217049,5.41,14.66,14.66
563087200,MV SEA BREEZE,Container Ship,2026-08-28 18:32:13.675215+00:00,20.463517,73.240208,5.41,14.66,14.66
563087200,MV SEA BREEZE,Container Ship,2026-08-28 19:02:13.675215+00:00,20.544283,73.262825,5.41,14.66,14.66
563087200,MV SEA BREEZE,Container Ship,2026-08-28 19:32:13.675215+00:00,20.623805,73.284232,5.41,14.66,14.66
563087200,MV SEA BREEZE,Container Ship,2026-08-28 20:02:13.675215+00:00,20.705901,73.307528,5.41,14.66,14.66
563087200,MV SEA BREEZE,Container Ship,2026-08-28 20:32:13.675215+00:00,20.786122,73.329492,5.41,14.66,14.66
563087200,MV SEA BREEZE,Container Ship,2026-08-28 21:02:13.675215+00:00,20.867996,73.351284,5.41,14.66,14.66
419002690,MV INDIAN GLORY,Bulk Carrier,2026-08-28 09:02:13.675215+00:00,19.005924,73.011319,12.73,154.44,154.44
419002690,MV INDIAN GLORY,Bulk Carrier,2026-08-28 09:32:13.675215+00:00,18.829132,73.100315,12.73,154.44,154.44
419002690,MV INDIAN GLORY,Bulk Carrier,2026-08-28 10:02:13.675215+00:00,18.651457,73.189681,12.73,154.44,154.44
419002690,MV INDIAN GLORY,Bulk Carrier,2026-08-28 10:32:13.675215+00:00,18.473995,73.279455,12.73,154.44,154.44
419002690,MV INDIAN GLORY,Bulk Carrier,2026-08-28 11:02:13.675215+00:00,18.296637,73.369666,12.73,154.44,154.44
419002690,MV INDIAN GLORY,Bulk Carrier,2026-08-28 11:32:13.675215+00:00,18.118729,73.460495,12.73,154.44,154.44
419002690,MV INDIAN GLORY,Bulk Carrier,2026-08-28 12:02:13.675215+00:00,17.941402,73.54748,12.73,154.44,154.44
419002690,MV INDIAN GLORY,Bulk Carrier,2026-08-28 12:32:13.675215+00:00,17.765958,73.638715,12.73,154.44,154.44
419002690,MV INDIAN GLORY,Bulk Carrier,2026-08-28 13:02:13.675215+00:00,17.588354,73.728215,12.73,154.44,154.44
419002690,MV INDIAN GLORY,Bulk Carrier,2026-08-28 13:32:13.675215+00:00,17.410669,73.816625,12.73,154.44,154.44
419002690,MV INDIAN GLORY,Bulk Carrier,2026-08-28 14:02:13.675215+00:00,17.233563,73.906432,12.73,154.44,154.44
419002690,MV INDIAN GLORY,Bulk Carrier,2026-08-28 14:32:13.675215+00:00,17.057107,73.996487,12.73,154.44,154.44
419002690,MV INDIAN GLORY,Bulk Carrier,2026-08-28 15:02:13.675215+00:00,16.87849,74.085978,12.73,154.44,154.44
419002690,MV INDIAN GLORY,Bulk Carrier,2026-08-28 15:32:13.675215+00:00,16.702305,74.175414,12.73,154.44,154.44
419002690,MV INDIAN GLORY,Bulk Carrier,2026-08-28 16:02:13.675215+00:00,16.524141,74.265691,12.73,154.44,154.44
419002690,MV INDIAN GLORY,Bulk Carrier,2026-08-28 16:32:13.675215+00:00,16.347818,74.354721,12.73,154.44,154.44
419002690,MV INDIAN GLORY,Bulk Carrier,2026-08-28 17:02:13.675215+00:00,16.170069,74.444943,12.73,154.44,154.44
419002690,MV INDIAN GLORY,Bulk Carrier,2026-08-28 17:32:13.675215+00:00,15.992112,74.533262,12.73,154.44,154.44
419002690,MV INDIAN GLORY,Bulk Carrier,2026-08-28 18:02:13.675215+00:00,15.815519,74.623848,12.73,154.44,154.44
419002690,MV INDIAN GLORY,Bulk Carrier,2026-08-28 18:32:13.675215+00:00,15.639167,74.714829,12.73,154.44,154.44
419002690,MV INDIAN GLORY,Bulk Carrier,2026-08-28 19:02:13.675215+00:00,15.462428,74.803152,12.73,154.44,154.44
419002690,MV INDIAN GLORY,Bulk Carrier,2026-08-28 19:32:13.675215+00:00,15.28455,74.892108,12.73,154.44,154.44
419002690,MV INDIAN GLORY,Bulk Carrier,2026-08-28 20:02:13.675215+00:00,15.107375,74.98231,12.73,154.44,154.44
419002690,MV INDIAN GLORY,Bulk Carrier,2026-08-28 20:32:13.675215+00:00,14.930472,75.071509,12.73,154.44,154.44
419002690,MV INDIAN GLORY,Bulk Carrier,2026-08-28 21:02:13.675215+00:00,14.753453,75.163028,12.73,154.44,154.44
419000581,MV COASTAL SPIRIT,Offshore Supply Vessel,2026-08-28 09:02:13.675215+00:00,19.154572,72.877265,7.57,312.7,312.7
419000581,MV COASTAL SPIRIT,Offshore Supply Vessel,2026-08-28 09:32:13.675215+00:00,19.233708,72.785721,7.57,312.7,312.7
419000581,MV COASTAL SPIRIT,Offshore Supply Vessel,2026-08-28 10:02:13.675215+00:00,19.312888,72.695822,7.57,312.7,312.7
419000581,MV COASTAL SPIRIT,Offshore Supply Vessel,2026-08-28 10:32:13.675215+00:00,19.393267,72.605276,7.57,312.7,312.7
419000581,MV COASTAL SPIRIT,Offshore Supply Vessel,2026-08-28 11:02:13.675215+00:00,19.473067,72.512979,7.57,312.7,312.7
419000581,MV COASTAL SPIRIT,Offshore Supply Vessel,2026-08-28 11:32:13.675215+00:00,19.55128,72.422824,7.57,312.7,312.7
419000581,MV COASTAL SPIRIT,Offshore Supply Vessel,2026-08-28 12:02:13.675215+00:00,19.631572,72.331115,7.57,312.7,312.7
419000581,MV COASTAL SPIRIT,Offshore Supply Vessel,2026-08-28 12:32:13.675215+00:00,19.708386,72.240367,7.57,312.7,312.7
419000581,MV COASTAL SPIRIT,Offshore Supply Vessel,2026-08-28 13:02:13.675215+00:00,19.786596,72.14951,7.57,312.7,312.7
419000581,MV COASTAL SPIRIT,Offshore Supply Vessel,2026-08-28 13:32:13.675215+00:00,19.866926,72.059135,7.57,312.7,312.7
419000581,MV COASTAL SPIRIT,Offshore Supply Vessel,2026-08-28 14:02:13.675215+00:00,19.947045,71.9696,7.57,312.7,312.7
419000581,MV COASTAL SPIRIT,Offshore Supply Vessel,2026-08-28 14:32:13.675215+00:00,20.02677,71.876722,7.57,312.7,312.7
419000581,MV COASTAL SPIRIT,Offshore Supply Vessel,2026-08-28 15:02:13.675215+00:00,20.104528,71.786662,7.57,312.7,312.7
419000581,MV COASTAL SPIRIT,Offshore Supply Vessel,2026-08-28 15:32:13.675215+00:00,20.183429,71.696818,7.57,312.7,312.7
419000581,MV COASTAL SPIRIT,Offshore Supply Vessel,2026-08-28 16:02:13.675215+00:00,20.264667,71.604062,7.57,312.7,312.7
419000581,MV COASTAL SPIRIT,Offshore Supply Vessel,2026-08-28 16:32:13.675215+00:00,20.34159,71.514605,7.57,312.7,312.7
419000581,MV COASTAL SPIRIT,Offshore Supply Vessel,2026-08-28 17:02:13.675215+00:00,20.422107,71.423597,7.57,312.7,312.7
419000581,MV COASTAL SPIRIT,Offshore Supply Vessel,2026-08-28 17:32:13.675215+00:00,20.500161,71.331211,7.57,312.7,312.7
419000581,MV COASTAL SPIRIT,Offshore Supply Vessel,2026-08-28 18:02:13.675215+00:00,20.580679,71.240813,7.57,312.7,312.7
419000581,MV COASTAL SPIRIT,Offshore Supply Vessel,2026-08-28 18:32:13.675215+00:00,20.659552,71.150358,7.57,312.7,312.7
419000581,MV COASTAL SPIRIT,Offshore Supply Vessel,2026-08-28 19:02:13.675215+00:00,20.738296,71.05883,7.57,312.7,312.7
419000581,MV COASTAL SPIRIT,Offshore Supply Vessel,2026-08-28 19:32:13.675215+00:00,20.818485,70.96844,7.57,312.7,312.7
419000581,MV COASTAL SPIRIT,Offshore Supply Vessel,2026-08-28 20:02:13.675215+00:00,20.898195,70.876213,7.57,312.7,312.7
419000581,MV COASTAL SPIRIT,Offshore Supply Vessel,2026-08-28 20:32:13.675215+00:00,20.975637,70.78722,7.57,312.7,312.7
419000581,MV COASTAL SPIRIT,Offshore Supply Vessel,2026-08-28 21:02:13.675215+00:00,21.056368,70.694683,7.57,312.7,312.7
419001135,MV MARINE PRIDE,General Cargo,2026-08-28 09:02:13.675215+00:00,19.049993,72.974047,9.68,306.79,306.79
419001135,MV MARINE PRIDE,General Cargo,2026-08-28 09:32:13.675215+00:00,19.13762,72.846822,9.68,306.79,306.79
419001135,MV MARINE PRIDE,General Cargo,2026-08-28 10:02:13.675215+00:00,19.227809,72.720541,9.68,306.79,306.79
419001135,MV MARINE PRIDE,General Cargo,2026-08-28 10:32:13.675215+00:00,19.315995,72.593397,9.68,306.79,306.79
419001135,MV MARINE PRIDE,General Cargo,2026-08-28 11:02:13.675215+00:00,19.407087,72.464843,9.68,306.79,306.79
419001135,MV MARINE PRIDE,General Cargo,2026-08-28 11:32:13.675215+00:00,19.494768,72.33802,9.68,306.79,306.79
419001135,MV MARINE PRIDE,General Cargo,2026-08-28 12:02:13.675215+00:00,19.584973,72.213628,9.68,306.79,306.79
419001135,MV MARINE PRIDE,General Cargo,2026-08-28 12:32:13.675215+00:00,19.675864,72.086515,9.68,306.79,306.79
419001135,MV MARINE PRIDE,General Cargo,2026-08-28 13:02:13.675215+00:00,19.765439,71.958753,9.68,306.79,306.79
419001135,MV MARINE PRIDE,General Cargo,2026-08-28 13:32:13.675215+00:00,19.852247,71.833215,9.68,306.79,306.79
419001135,MV MARINE PRIDE,General Cargo,2026-08-28 14:02:13.675215+00:00,19.943391,71.706635,9.68,306.79,306.79
419001135,MV MARINE PRIDE,General Cargo,2026-08-28 14:32:13.675215+00:00,20.030904,71.579992,9.68,306.79,306.79
419001135,MV MARINE PRIDE,General Cargo,2026-08-28 15:02:13.675215+00:00,20.120988,71.454,9.68,306.79,306.79
419001135,MV MARINE PRIDE,General Cargo,2026-08-28 15:32:13.675215+00:00,20.211799,71.326115,9.68,306.79,306.79
419001135,MV MARINE PRIDE,General Cargo,2026-08-28 16:02:13.675215+00:00,20.300569,71.199421,9.68,306.79,306.79
419001135,MV MARINE PRIDE,General Cargo,2026-08-28 16:32:13.675215+00:00,20.390403,71.074434,9.68,306.79,306.79
419001135,MV MARINE PRIDE,General Cargo,2026-08-28 17:02:13.675215+00:00,20.479139,70.947475,9.68,306.79,306.79
419001135,MV MARINE PRIDE,General Cargo,2026-08-28 17:32:13.675215+00:00,20.568977,70.81984,9.68,306.79,306.79
419001135,MV MARINE PRIDE,General Cargo,2026-08-28 18:02:13.675215+00:00,20.65879,70.693048,9.68,306.79,306.79
419001135,MV MARINE PRIDE,General Cargo,2026-08-28 18:32:13.675215+00:00,20.747906,70.566319,9.68,306.79,306.79
419001135,MV MARINE PRIDE,General Cargo,2026-08-28 19:02:13.675215+00:00,20.839395,70.440708,9.68,306.79,306.79
419001135,MV MARINE PRIDE,General Cargo,2026-08-28 19:32:13.675215+00:00,20.926737,70.314253,9.68,306.79,306.79
419001135,MV MARINE PRIDE,General Cargo,2026-08-28 20:02:13.675215+00:00,21.016681,70.187306,9.68,306.79,306.79
419001135,MV MARINE PRIDE,General Cargo,2026-08-28 20:32:13.675215+00:00,21.106736,70.061491,9.68,306.79,306.79
419001135,MV MARINE PRIDE,General Cargo,2026-08-28 21:02:13.675215+00:00,21.195295,69.933826,9.68,306.79,306.79
353419000,MV PACIFIC WIND,Bulk Carrier,2026-08-28 09:02:13.675215+00:00,19.0137,72.903372,10.56,132.81,132.81
353419000,MV PACIFIC WIND,Bulk Carrier,2026-08-28 09:32:13.675215+00:00,18.902049,73.030334,10.56,132.81,132.81
353419000,MV PACIFIC WIND,Bulk Carrier,2026-08-28 10:02:13.675215+00:00,18.793255,73.157494,10.56,132.81,132.81
353419000,MV PACIFIC WIND,Bulk Carrier,2026-08-28 10:32:13.675215+00:00,18.679893,73.282347,10.56,132.81,132.81
353419000,MV PACIFIC WIND,Bulk Carrier,2026-08-28 11:02:13.675215+00:00,18.567914,73.409787,10.56,132.81,132.81
353419000,MV PACIFIC WIND,Bulk Carrier,2026-08-28 11:32:13.675215+00:00,18.457798,73.535,10.56,132.81,132.81
353419000,MV PACIFIC WIND,Bulk Carrier,2026-08-28 12:02:13.675215+00:00,18.34709,73.661786,10.56,132.81,132.81
353419000,MV PACIFIC WIND,Bulk Carrier,2026-08-28 12:32:13.675215+00:00,18.23816,73.78987,10.56,132.81,132.81
353419000,MV PACIFIC WIND,Bulk Carrier,2026-08-28 13:02:13.675215+00:00,18.126008,73.916862,10.56,132.81,132.81
353419000,MV PACIFIC WIND,Bulk Carrier,2026-08-28 13:32:13.675215+00:00,18.01528,74.041502,10.56,132.81,132.81
353419000,MV PACIFIC WIND,Bulk Carrier,2026-08-28 14:02:13.675215+00:00,17.90564,74.169135,10.56,132.81,132.81
353419000,MV PACIFIC WIND,Bulk Carrier,2026-08-28 14:32:13.675215+00:00,17.792796,74.295065,10.56,132.81,132.81
353419000,MV PACIFIC WIND,Bulk Carrier,2026-08-28 15:02:13.675215+00:00,17.682129,74.420625,10.56,132.81,132.81
353419000,MV PACIFIC WIND,Bulk Carrier,2026-08-28 15:32:13.675215+00:00,17.572774,74.549772,10.56,132.81,132.81
353419000,MV PACIFIC WIND,Bulk Carrier,2026-08-28 16:02:13.675215+00:00,17.460118,74.675208,10.56,132.81,132.81
353419000,MV PACIFIC WIND,Bulk Carrier,2026-08-28 16:32:13.675215+00:00,17.34992,74.800881,10.56,132.81,132.81
353419000,MV PACIFIC WIND,Bulk Carrier,2026-08-28 17:02:13.675215+00:00,17.23917,74.927093,10.56,132.81,132.81
353419000,MV PACIFIC WIND,Bulk Carrier,2026-08-28 17:32:13.675215+00:00,17.128887,75.053632,10.56,132.81,132.81
353419000,MV PACIFIC WIND,Bulk Carrier,2026-08-28 18:02:13.675215+00:00,17.018268,75.18077,10.56,132.81,132.81
353419000,MV PACIFIC WIND,Bulk Carrier,2026-08-28 18:32:13.675215+00:00,16.907065,75.306598,10.56,132.81,132.81
353419000,MV PACIFIC WIND,Bulk Carrier,2026-08-28 19:02:13.675215+00:00,16.795998,75.434441,10.56,132.81,132.81
353419000,MV PACIFIC WIND,Bulk Carrier,2026-08-28 19:32:13.675215+00:00,16.686064,75.559568,10.56,132.81,132.81
353419000,MV PACIFIC WIND,Bulk Carrier,2026-08-28 20:02:13.675215+00:00,16.574946,75.687465,10.56,132.81,132.81
353419000,MV PACIFIC WIND,Bulk Carrier,2026-08-28 20:32:13.675215+00:00,16.462735,75.813811,10.56,132.81,132.81
353419000,MV PACIFIC WIND,Bulk Carrier,2026-08-28 21:02:13.675215+00:00,16.352744,75.940347,10.56,132.81,132.81
419002044,MV SAPPHIRE,LPG Carrier,2026-08-28 09:02:13.675215+00:00,19.001362,72.888667,9.57,87.27,87.27
419002044,MV SAPPHIRE,LPG Carrier,2026-08-28 09:32:13.675215+00:00,19.008705,73.044068,9.57,87.27,87.27
419002044,MV SAPPHIRE,LPG Carrier,2026-08-28 10:02:13.675215+00:00,19.015181,73.200435,9.57,87.27,87.27
419002044,MV SAPPHIRE,LPG Carrier,2026-08-28 10:32:13.675215+00:00,19.021753,73.357448,9.57,87.27,87.27
419002044,MV SAPPHIRE,LPG Carrier,2026-08-28 11:02:13.675215+00:00,19.028626,73.513108,9.57,87.27,87.27
419002044,MV SAPPHIRE,LPG Carrier,2026-08-28 11:32:13.675215+00:00,19.037159,73.668961,9.57,87.27,87.27
419002044,MV SAPPHIRE,LPG Carrier,2026-08-28 12:02:13.675215+00:00,19.044063,73.824525,9.57,87.27,87.27
419002044,MV SAPPHIRE,LPG Carrier,2026-08-28 12:32:13.675215+00:00,19.050858,73.982588,9.57,87.27,87.27
419002044,MV SAPPHIRE,LPG Carrier,2026-08-28 13:02:13.675215+00:00,19.055497,74.136804,9.57,87.27,87.27
419002044,MV SAPPHIRE,LPG Carrier,2026-08-28 13:32:13.675215+00:00,19.064976,74.293285,9.57,87.27,87.27
419002044,MV SAPPHIRE,LPG Carrier,2026-08-28 14:02:13.675215+00:00,19.071851,74.448971,9.57,87.27,87.27
419002044,MV SAPPHIRE,LPG Carrier,2026-08-28 14:32:13.675215+00:00,19.078664,74.605336,9.57,87.27,87.27
419002044,MV SAPPHIRE,LPG Carrier,2026-08-28 15:02:13.675215+00:00,19.086569,74.76167,9.57,87.27,87.27
419002044,MV SAPPHIRE,LPG Carrier,2026-08-28 15:32:13.675215+00:00,19.092945,74.917143,9.57,87.27,87.27
419002044,MV SAPPHIRE,LPG Carrier,2026-08-28 16:02:13.675215+00:00,19.099325,75.073133,9.57,87.27,87.27
419002044,MV SAPPHIRE,LPG Carrier,2026-08-28 16:32:13.675215+00:00,19.10707,75.229149,9.57,87.27,87.27
419002044,MV SAPPHIRE,LPG Carrier,2026-08-28 17:02:13.675215+00:00,19.114027,75.387152,9.57,87.27,87.27
419002044,MV SAPPHIRE,LPG Carrier,2026-08-28 17:32:13.675215+00:00,19.121532,75.541237,9.57,87.27,87.27
419002044,MV SAPPHIRE,LPG Carrier,2026-08-28 18:02:13.675215+00:00,19.128836,75.697178,9.57,87.27,87.27
419002044,MV SAPPHIRE,LPG Carrier,2026-08-28 18:32:13.675215+00:00,19.133284,75.852704,9.57,87.27,87.27
419002044,MV SAPPHIRE,LPG Carrier,2026-08-28 19:02:13.675215+00:00,19.140458,76.009236,9.57,87.27,87.27
419002044,MV SAPPHIRE,LPG Carrier,2026-08-28 19:32:13.675215+00:00,19.14901,76.166864,9.57,87.27,87.27
419002044,MV SAPPHIRE,LPG Carrier,2026-08-28 20:02:13.675215+00:00,19.156297,76.321354,9.57,87.27,87.27
419002044,MV SAPPHIRE,LPG Carrier,2026-08-28 20:32:13.675215+00:00,19.163739,76.475767,9.57,87.27,87.27
419002044,MV SAPPHIRE,LPG Carrier,2026-08-28 21:02:13.675215+00:00,19.170304,76.634159,9.57,87.27,87.27
636019877,MV EASTERN LIGHT,Container Ship,2026-08-28 09:02:13.675215+00:00,18.951797,73.012513,10.65,120.57,120.57
636019877,MV EASTERN LIGHT,Container Ship,2026-08-28 09:32:13.675215+00:00,18.868453,73.16429,10.65,120.57,120.57
636019877,MV EASTERN LIGHT,Container Ship,2026-08-28 10:02:13.675215+00:00,18.784513,73.3123,10.65,120.57,120.57
636019877,MV EASTERN LIGHT,Container Ship,2026-08-28 10:32:13.675215+00:00,18.70042,73.46105,10.65,120.57,120.57
636019877,MV EASTERN LIGHT,Container Ship,2026-08-28 11:02:13.675215+00:00,18.617872,73.610672,10.65,120.57,120.57
636019877,MV EASTERN LIGHT,Container Ship,2026-08-28 11:32:13.675215+00:00,18.533685,73.760603,10.65,120.57,120.57
636019877,MV EASTERN LIGHT,Container Ship,2026-08-28 12:02:13.675215+00:00,18.450431,73.91088,10.65,120.57,120.57
636019877,MV EASTERN LIGHT,Container Ship,2026-08-28 12:32:13.675215+00:00,18.367298,74.059833,10.65,120.57,120.57
636019877,MV EASTERN LIGHT,Container Ship,2026-08-28 13:02:13.675215+00:00,18.282673,74.209086,10.65,120.57,120.57
636019877,MV EASTERN LIGHT,Container Ship,2026-08-28 13:32:13.675215+00:00,18.198953,74.359799,10.65,120.57,120.57
636019877,MV EASTERN LIGHT,Container Ship,2026-08-28 14:02:13.675215+00:00,18.116335,74.508387,10.65,120.57,120.57
636019877,MV EASTERN LIGHT,Container Ship,2026-08-28 14:32:13.675215+00:00,18.032845,74.659837,10.65,120.57,120.57
636019877,MV EASTERN LIGHT,Container Ship,2026-08-28 15:02:13.675215+00:00,17.9489,74.809882,10.65,120.57,120.57
636019877,MV EASTERN LIGHT,Container Ship,2026-08-28 15:32:13.675215+00:00,17.864371,74.957013,10.65,120.57,120.57
636019877,MV EASTERN LIGHT,Container Ship,2026-08-28 16:02:13.675215+00:00,17.779987,75.108833,10.65,120.57,120.57
636019877,MV EASTERN LIGHT,Container Ship,2026-08-28 16:32:13.675215+00:00,17.698354,75.25722,10.65,120.57,120.57
636019877,MV EASTERN LIGHT,Container Ship,2026-08-28 17:02:13.675215+00:00,17.614474,75.405992,10.65,120.57,120.57
636019877,MV EASTERN LIGHT,Container Ship,2026-08-28 17:32:13.675215+00:00,17.532627,75.556623,10.65,120.57,120.57
636019877,MV EASTERN LIGHT,Container Ship,2026-08-28 18:02:13.675215+00:00,17.447179,75.706728,10.65,120.57,120.57
636019877,MV EASTERN LIGHT,Container Ship,2026-08-28 18:32:13.675215+00:00,17.363896,75.855955,10.65,120.57,120.57
636019877,MV EASTERN LIGHT,Container Ship,2026-08-28 19:02:13.675215+00:00,17.279299,76.005781,10.65,120.57,120.57
636019877,MV EASTERN LIGHT,Container Ship,2026-08-28 19:32:13.675215+00:00,17.197857,76.156108,10.65,120.57,120.57
636019877,MV EASTERN LIGHT,Container Ship,2026-08-28 20:02:13.675215+00:00,17.114047,76.30425,10.65,120.57,120.57
636019877,MV EASTERN LIGHT,Container Ship,2026-08-28 20:32:13.675215+00:00,17.028401,76.454187,10.65,120.57,120.57
636019877,MV EASTERN LIGHT,Container Ship,2026-08-28 21:02:13.675215+00:00,16.945657,76.604791,10.65,120.57,120.57
419001706,MV OCEAN VOYAGER,Crude Oil Tanker,2026-08-28 09:02:13.675215+00:00,19.064567,72.881723,5.49,120.67,120.67
419001706,MV OCEAN VOYAGER,Crude Oil Tanker,2026-08-28 09:32:13.675215+00:00,19.022792,72.960251,5.49,120.67,120.67
419001706,MV OCEAN VOYAGER,Crude Oil Tanker,2026-08-28 10:02:13.675215+00:00,18.977858,73.036302,5.49,120.67,120.67
419001706,MV OCEAN VOYAGER,Crude Oil Tanker,2026-08-28 10:32:13.675215+00:00,18.935378,73.11582,5.49,120.67,120.67
419001706,MV OCEAN VOYAGER,Crude Oil Tanker,2026-08-28 11:02:13.675215+00:00,18.892196,73.190428,5.49,120.67,120.67
419001706,MV OCEAN VOYAGER,Crude Oil Tanker,2026-08-28 11:32:13.675215+00:00,18.848964,73.268558,5.49,120.67,120.67
419001706,MV OCEAN VOYAGER,Crude Oil Tanker,2026-08-28 12:02:13.675215+00:00,18.803759,73.345879,5.49,120.67,120.67
419001706,MV OCEAN VOYAGER,Crude Oil Tanker,2026-08-28 12:32:13.675215+00:00,18.762489,73.423625,5.49,120.67,120.67
419001706,MV OCEAN VOYAGER,Crude Oil Tanker,2026-08-28 13:02:13.675215+00:00,18.720909,73.501115,5.49,120.67,120.67
419001706,MV OCEAN VOYAGER,Crude Oil Tanker,2026-08-28 13:32:13.675215+00:00,18.675971,73.576475,5.49,120.67,120.67
419001706,MV OCEAN VOYAGER,Crude Oil Tanker,2026-08-28 14:02:13.675215+00:00,18.635002,73.654553,5.49,120.67,120.67
419001706,MV OCEAN VOYAGER,Crude Oil Tanker,2026-08-28 14:32:13.675215+00:00,18.589711,73.731633,5.49,120.67,120.67
419001706,MV OCEAN VOYAGER,Crude Oil Tanker,2026-08-28 15:02:13.675215+00:00,18.546615,73.808682,5.49,120.67,120.67
419001706,MV OCEAN VOYAGER,Crude Oil Tanker,2026-08-28 15:32:13.675215+00:00,18.502754,73.885506,5.49,120.67,120.67
419001706,MV OCEAN VOYAGER,Crude Oil Tanker,2026-08-28 16:02:13.675215+00:00,18.459943,73.962655,5.49,120.67,120.67
419001706,MV OCEAN VOYAGER,Crude Oil Tanker,2026-08-28 16:32:13.675215+00:00,18.416156,74.040321,5.49,120.67,120.67
419001706,MV OCEAN VOYAGER,Crude Oil Tanker,2026-08-28 17:02:13.675215+00:00,18.373279,74.118585,5.49,120.67,120.67
419001706,MV OCEAN VOYAGER,Crude Oil Tanker,2026-08-28 17:32:13.675215+00:00,18.328119,74.195401,5.49,120.67,120.67
419001706,MV OCEAN VOYAGER,Crude Oil Tanker,2026-08-28 18:02:13.675215+00:00,18.287993,74.270015,5.49,120.67,120.67
419001706,MV OCEAN VOYAGER,Crude Oil Tanker,2026-08-28 18:32:13.675215+00:00,18.243478,74.348522,5.49,120.67,120.67
419001706,MV OCEAN VOYAGER,Crude Oil Tanker,2026-08-28 19:02:13.675215+00:00,18.199383,74.425343,5.49,120.67,120.67
419001706,MV OCEAN VOYAGER,Crude Oil Tanker,2026-08-28 19:32:13.675215+00:00,18.156377,74.504513,5.49,120.67,120.67
419001706,MV OCEAN VOYAGER,Crude Oil Tanker,2026-08-28 20:02:13.675215+00:00,18.114771,74.581274,5.49,120.67,120.67
419001706,MV OCEAN VOYAGER,Crude Oil Tanker,2026-08-28 20:32:13.675215+00:00,18.071356,74.6565,5.49,120.67,120.67
419001706,MV OCEAN VOYAGER,Crude Oil Tanker,2026-08-28 21:02:13.675215+00:00,18.027116,74.73494,5.49,120.67,120.67
419000368,MV CORAL QUEEN,Ro-Ro Passenger,2026-08-28 09:02:13.675215+00:00,19.080699,72.844805,5.89,87.54,87.54
419000368,MV CORAL QUEEN,Ro-Ro Passenger,2026-08-28 09:32:13.675215+00:00,19.083743,72.941557,5.89,87.54,87.54
419000368,MV CORAL QUEEN,Ro-Ro Passenger,2026-08-28 10:02:13.675215+00:00,19.087069,73.037301,5.89,87.54,87.54
419000368,MV CORAL QUEEN,Ro-Ro Passenger,2026-08-28 10:32:13.675215+00:00,19.09231,73.13274,5.89,87.54,87.54
419000368,MV CORAL QUEEN,Ro-Ro Passenger,2026-08-28 11:02:13.675215+00:00,19.095998,73.228166,5.89,87.54,87.54
419000368,MV CORAL QUEEN,Ro-Ro Passenger,2026-08-28 11:32:13.675215+00:00,19.100378,73.325198,5.89,87.54,87.54
419000368,MV CORAL QUEEN,Ro-Ro Passenger,2026-08-28 12:02:13.675215+00:00,19.103123,73.422364,5.89,87.54,87.54
419000368,MV CORAL QUEEN,Ro-Ro Passenger,2026-08-28 12:32:13.675215+00:00,19.106879,73.516578,5.89,87.54,87.54
419000368,MV CORAL QUEEN,Ro-Ro Passenger,2026-08-28 13:02:13.675215+00:00,19.110099,73.614369,5.89,87.54,87.54
419000368,MV CORAL QUEEN,Ro-Ro Passenger,2026-08-28 13:32:13.675215+00:00,19.114222,73.711467,5.89,87.54,87.54
419000368,MV CORAL QUEEN,Ro-Ro Passenger,2026-08-28 14:02:13.675215+00:00,19.117483,73.807599,5.89,87.54,87.54
419000368,MV CORAL QUEEN,Ro-Ro Passenger,2026-08-28 14:32:13.675215+00:00,19.123219,73.902344,5.89,87.54,87.54
419000368,MV CORAL QUEEN,Ro-Ro Passenger,2026-08-28 15:02:13.675215+00:00,19.126516,73.99892,5.89,87.54,87.54
419000368,MV CORAL QUEEN,Ro-Ro Passenger,2026-08-28 15:32:13.675215+00:00,19.130824,74.095663,5.89,87.54,87.54
419000368,MV CORAL QUEEN,Ro-Ro Passenger,2026-08-28 16:02:13.675215+00:00,19.134847,74.191079,5.89,87.54,87.54
419000368,MV CORAL QUEEN,Ro-Ro Passenger,2026-08-28 16:32:13.675215+00:00,19.138367,74.287093,5.89,87.54,87.54
419000368,MV CORAL QUEEN,Ro-Ro Passenger,2026-08-28 17:02:13.675215+00:00,19.142806,74.381949,5.89,87.54,87.54
419000368,MV CORAL QUEEN,Ro-Ro Passenger,2026-08-28 17:32:13.675215+00:00,19.145383,74.480091,5.89,87.54,87.54
419000368,MV CORAL QUEEN,Ro-Ro Passenger,2026-08-28 18:02:13.675215+00:00,19.1505,74.575529,5.89,87.54,87.54
419000368,MV CORAL QUEEN,Ro-Ro Passenger,2026-08-28 18:32:13.675215+00:00,19.15428,74.672133,5.89,87.54,87.54
419000368,MV CORAL QUEEN,Ro-Ro Passenger,2026-08-28 19:02:13.675215+00:00,19.157735,74.767412,5.89,87.54,87.54
419000368,MV CORAL QUEEN,Ro-Ro Passenger,2026-08-28 19:32:13.675215+00:00,19.162225,74.863431,5.89,87.54,87.54
419000368,MV CORAL QUEEN,Ro-Ro Passenger,2026-08-28 20:02:13.675215+00:00,19.166297,74.959031,5.89,87.54,87.54
419000368,MV CORAL QUEEN,Ro-Ro Passenger,2026-08-28 20:32:13.675215+00:00,19.170696,75.05695,5.89,87.54,87.54
419000368,MV CORAL QUEEN,Ro-Ro Passenger,2026-08-28 21:02:13.675215+00:00,19.173979,75.153538,5.89,87.54,87.54
538008421,MV SEA FALCON,Product Tanker,2026-08-28 09:02:13.675215+00:00,19.066122,72.945871,6.58,329.19,329.19
538008421,MV SEA FALCON,Product Tanker,2026-08-28 09:32:13.675215+00:00,19.154291,72.891893,6.58,329.19,329.19
538008421,MV SEA FALCON,Product Tanker,2026-08-28 10:02:13.675215+00:00,19.242401,72.83627,6.58,329.19,329.19
538008421,MV SEA FALCON,Product Tanker,2026-08-28 10:32:13.675215+00:00,19.329332,72.781224,6.58,329.19,329.19
538008421,MV SEA FALCON,Product Tanker,2026-08-28 11:02:13.675215+00:00,19.41589,72.725681,6.58,329.19,329.19
538008421,MV SEA FALCON,Product Tanker,2026-08-28 11:32:13.675215+00:00,19.502836,72.670702,6.58,329.19,329.19
538008421,MV SEA FALCON,Product Tanker,2026-08-28 12:02:13.675215+00:00,19.58999,72.617605,6.58,329.19,329.19
538008421,MV SEA FALCON,Product Tanker,2026-08-28 12:32:13.675215+00:00,19.677207,72.563845,6.58,329.19,329.19
538008421,MV SEA FALCON,Product Tanker,2026-08-28 13:02:13.675215+00:00,19.765557,72.506865,6.58,329.19,329.19
538008421,MV SEA FALCON,Product Tanker,2026-08-28 13:32:13.675215+00:00,19.851672,72.452255,6.58,329.19,329.19
538008421,MV SEA FALCON,Product Tanker,2026-08-28 14:02:13.675215+00:00,19.939094,72.39677,6.58,329.19,329.19
538008421,MV SEA FALCON,Product Tanker,2026-08-28 14:32:13.675215+00:00,20.028798,72.341574,6.58,329.19,329.19
538008421,MV SEA FALCON,Product Tanker,2026-08-28 15:02:13.675215+00:00,20.114866,72.286066,6.58,329.19,329.19
538008421,MV SEA FALCON,Product Tanker,2026-08-28 15:32:13.675215+00:00,20.201114,72.233023,6.58,329.19,329.19
538008421,MV SEA FALCON,Product Tanker,2026-08-28 16:02:13.675215+00:00,20.287836,72.178034,6.58,329.19,329.19
538008421,MV SEA FALCON,Product Tanker,2026-08-28 16:32:13.675215+00:00,20.3761,72.121112,6.58,329.19,329.19
538008421,MV SEA FALCON,Product Tanker,2026-08-28 17:02:13.675215+00:00,20.463236,72.067318,6.58,329.19,329.19
538008421,MV SEA FALCON,Product Tanker,2026-08-28 17:32:13.675215+00:00,20.550423,72.010261,6.58,329.19,329.19
538008421,MV SEA FALCON,Product Tanker,2026-08-28 18:02:13.675215+00:00,20.63654,71.956297,6.58,329.19,329.19
538008421,MV SEA FALCON,Product Tanker,2026-08-28 18:32:13.675215+00:00,20.724258,71.90197,6.58,329.19,329.19
538008421,MV SEA FALCON,Product Tanker,2026-08-28 19:02:13.675215+00:00,20.811656,71.845383,6.58,329.19,329.19
538008421,MV SEA FALCON,Product Tanker,2026-08-28 19:32:13.675215+00:00,20.899014,71.791917,6.58,329.19,329.19
538008421,MV SEA FALCON,Product Tanker,2026-08-28 20:02:13.675215+00:00,20.986353,71.737271,6.58,329.19,329.19
538008421,MV SEA FALCON,Product Tanker,2026-08-28 20:32:13.675215+00:00,21.073768,71.681752,6.58,329.19,329.19
538008421,MV SEA FALCON,Product Tanker,2026-08-28 21:02:13.675215+00:00,21.160241,71.625033,6.58,329.19,329.19
419002951,MV MERIDIAN,General Cargo,2026-08-28 09:02:13.675215+00:00,18.976905,73.024492,13.5,14.19,14.19
419002951,MV MERIDIAN,General Cargo,2026-08-28 09:32:13.675215+00:00,19.178716,73.077315,13.5,14.19,14.19
419002951,MV MERIDIAN,General Cargo,2026-08-28 10:02:13.675215+00:00,19.379572,73.133188,13.5,14.19,14.19
419002951,MV MERIDIAN,General Cargo,2026-08-28 10:32:13.675215+00:00,19.582343,73.1869,13.5,14.19,14.19
419002951,MV MERIDIAN,General Cargo,2026-08-28 11:02:13.675215+00:00,19.784335,73.240389,13.5,14.19,14.19
419002951,MV MERIDIAN,General Cargo,2026-08-28 11:32:13.675215+00:00,19.987001,73.293962,13.5,14.19,14.19
419002951,MV MERIDIAN,General Cargo,2026-08-28 12:02:13.675215+00:00,20.188265,73.348014,13.5,14.19,14.19
419002951,MV MERIDIAN,General Cargo,2026-08-28 12:32:13.675215+00:00,20.389778,73.402146,13.5,14.19,14.19
419002951,MV MERIDIAN,General Cargo,2026-08-28 13:02:13.675215+00:00,20.592241,73.45602,13.5,14.19,14.19
419002951,MV MERIDIAN,General Cargo,2026-08-28 13:32:13.675215+00:00,20.795006,73.509697,13.5,14.19,14.19
419002951,MV MERIDIAN,General Cargo,2026-08-28 14:02:13.675215+00:00,20.995789,73.564071,13.5,14.19,14.19
419002951,MV MERIDIAN,General Cargo,2026-08-28 14:32:13.675215+00:00,21.199034,73.61859,13.5,14.19,14.19
419002951,MV MERIDIAN,General Cargo,2026-08-28 15:02:13.675215+00:00,21.40064,73.671253,13.5,14.19,14.19
419002951,MV MERIDIAN,General Cargo,2026-08-28 15:32:13.675215+00:00,21.601966,73.727163,13.5,14.19,14.19
419002951,MV MERIDIAN,General Cargo,2026-08-28 16:02:13.675215+00:00,21.803755,73.781314,13.5,14.19,14.19
419002951,MV MERIDIAN,General Cargo,2026-08-28 16:32:13.675215+00:00,22.005214,73.835598,13.5,14.19,14.19
419002951,MV MERIDIAN,General Cargo,2026-08-28 17:02:13.675215+00:00,22.209404,73.88819,13.5,14.19,14.19
419002951,MV MERIDIAN,General Cargo,2026-08-28 17:32:13.675215+00:00,22.409146,73.943653,13.5,14.19,14.19
419002951,MV MERIDIAN,General Cargo,2026-08-28 18:02:13.675215+00:00,22.612704,73.996081,13.5,14.19,14.19
419002951,MV MERIDIAN,General Cargo,2026-08-28 18:32:13.675215+00:00,22.813042,74.050284,13.5,14.19,14.19
419002951,MV MERIDIAN,General Cargo,2026-08-28 19:02:13.675215+00:00,23.014241,74.103784,13.5,14.19,14.19
419002951,MV MERIDIAN,General Cargo,2026-08-28 19:32:13.675215+00:00,23.216451,74.157914,13.5,14.19,14.19
419002951,MV MERIDIAN,General Cargo,2026-08-28 20:02:13.675215+00:00,23.419164,74.212726,13.5,14.19,14.19
419002951,MV MERIDIAN,General Cargo,2026-08-28 20:32:13.675215+00:00,23.62237,74.265749,13.5,14.19,14.19
419002951,MV MERIDIAN,General Cargo,2026-08-28 21:02:13.675215+00:00,23.823855,74.320386,13.5,14.19,14.19
419001259,MV NAVIGATOR,Offshore Supply Vessel,2026-08-28 09:02:13.675215+00:00,19.15034,72.899856,10.52,60.13,60.13
419001259,MV NAVIGATOR,Offshore Supply Vessel,2026-08-28 09:32:13.675215+00:00,19.231298,73.050478,10.52,60.13,60.13
419001259,MV NAVIGATOR,Offshore Supply Vessel,2026-08-28 10:02:13.675215+00:00,19.311417,73.19714,10.52,60.13,60.13
419001259,MV NAVIGATOR,Offshore Supply Vessel,2026-08-28 10:32:13.675215+00:00,19.392288,73.346172,10.52,60.13,60.13
419001259,MV NAVIGATOR,Offshore Supply Vessel,2026-08-28 11:02:13.675215+00:00,19.473137,73.496619,10.52,60.13,60.13
419001259,MV NAVIGATOR,Offshore Supply Vessel,2026-08-28 11:32:13.675215+00:00,19.555643,73.644262,10.52,60.13,60.13
419001259,MV NAVIGATOR,Offshore Supply Vessel,2026-08-28 12:02:13.675215+00:00,19.634701,73.794147,10.52,60.13,60.13
419001259,MV NAVIGATOR,Offshore Supply Vessel,2026-08-28 12:32:13.675215+00:00,19.715785,73.943328,10.52,60.13,60.13
419001259,MV NAVIGATOR,Offshore Supply Vessel,2026-08-28 13:02:13.675215+00:00,19.797249,74.09066,10.52,60.13,60.13
419001259,MV NAVIGATOR,Offshore Supply Vessel,2026-08-28 13:32:13.675215+00:00,19.879185,74.242361,10.52,60.13,60.13
419001259,MV NAVIGATOR,Offshore Supply Vessel,2026-08-28 14:02:13.675215+00:00,19.958317,74.389665,10.52,60.13,60.13
419001259,MV NAVIGATOR,Offshore Supply Vessel,2026-08-28 14:32:13.675215+00:00,20.039896,74.539294,10.52,60.13,60.13
419001259,MV NAVIGATOR,Offshore Supply Vessel,2026-08-28 15:02:13.675215+00:00,20.121054,74.689686,10.52,60.13,60.13
419001259,MV NAVIGATOR,Offshore Supply Vessel,2026-08-28 15:32:13.675215+00:00,20.201246,74.836491,10.52,60.13,60.13
419001259,MV NAVIGATOR,Offshore Supply Vessel,2026-08-28 16:02:13.675215+00:00,20.281144,74.985596,10.52,60.13,60.13
419001259,MV NAVIGATOR,Offshore Supply Vessel,2026-08-28 16:32:13.675215+00:00,20.363081,75.136668,10.52,60.13,60.13
419001259,MV NAVIGATOR,Offshore Supply Vessel,2026-08-28 17:02:13.675215+00:00,20.443553,75.284463,10.52,60.13,60.13
419001259,MV NAVIGATOR,Offshore Supply Vessel,2026-08-28 17:32:13.675215+00:00,20.524814,75.434286,10.52,60.13,60.13
419001259,MV NAVIGATOR,Offshore Supply Vessel,2026-08-28 18:02:13.675215+00:00,20.607709,75.581961,10.52,60.13,60.13
419001259,MV NAVIGATOR,Offshore Supply Vessel,2026-08-28 18:32:13.675215+00:00,20.686156,75.732273,10.52,60.13,60.13
419001259,MV NAVIGATOR,Offshore Supply Vessel,2026-08-28 19:02:13.675215+00:00,20.767953,75.881966,10.52,60.13,60.13
419001259,MV NAVIGATOR,Offshore Supply Vessel,2026-08-28 19:32:13.675215+00:00,20.848735,76.029253,10.52,60.13,60.13
419001259,MV NAVIGATOR,Offshore Supply Vessel,2026-08-28 20:02:13.675215+00:00,20.9296,76.179478,10.52,60.13,60.13
419001259,MV NAVIGATOR,Offshore Supply Vessel,2026-08-28 20:32:13.675215+00:00,21.010644,76.328049,10.52,60.13,60.13
419001259,MV NAVIGATOR,Offshore Supply Vessel,2026-08-28 21:02:13.675215+00:00,21.091701,76.47763,10.52,60.13,60.13
419000774,MV HARBOR STAR,Harbour Tug,2026-08-28 09:02:13.675215+00:00,19.071804,72.968055,6.43,317.11,317.11
419000774,MV HARBOR STAR,Harbour Tug,2026-08-28 09:32:13.675215+00:00,19.145585,72.895855,6.43,317.11,317.11
419000774,MV HARBOR STAR,Harbour Tug,2026-08-28 10:02:13.675215+00:00,19.217596,72.824765,6.43,317.11,317.11
419000774,MV HARBOR STAR,Harbour Tug,2026-08-28 10:32:13.675215+00:00,19.290006,72.754673,6.43,317.11,317.11
419000774,MV HARBOR STAR,Harbour Tug,2026-08-28 11:02:13.675215+00:00,19.362818,72.682259,6.43,317.11,317.11
419000774,MV HARBOR STAR,Harbour Tug,2026-08-28 11:32:13.675215+00:00,19.434259,72.611389,6.43,317.11,317.11
419000774,MV HARBOR STAR,Harbour Tug,2026-08-28 12:02:13.675215+00:00,19.508545,72.541094,6.43,317.11,317.11
419000774,MV HARBOR STAR,Harbour Tug,2026-08-28 12:32:13.675215+00:00,19.580465,72.468109,6.43,317.11,317.11
419000774,MV HARBOR STAR,Harbour Tug,2026-08-28 13:02:13.675215+00:00,19.653592,72.397767,6.43,317.11,317.11
419000774,MV HARBOR STAR,Harbour Tug,2026-08-28 13:32:13.675215+00:00,19.725998,72.325299,6.43,317.11,317.11
419000774,MV HARBOR STAR,Harbour Tug,2026-08-28 14:02:13.675215+00:00,19.799243,72.253796,6.43,317.11,317.11
419000774,MV HARBOR STAR,Harbour Tug,2026-08-28 14:32:13.675215+00:00,19.871081,72.182373,6.43,317.11,317.11
419000774,MV HARBOR STAR,Harbour Tug,2026-08-28 15:02:13.675215+00:00,19.944979,72.109967,6.43,317.11,317.11
419000774,MV HARBOR STAR,Harbour Tug,2026-08-28 15:32:13.675215+00:00,20.016908,72.038799,6.43,317.11,317.11
419000774,MV HARBOR STAR,Harbour Tug,2026-08-28 16:02:13.675215+00:00,20.09044,71.966712,6.43,317.11,317.11
419000774,MV HARBOR STAR,Harbour Tug,2026-08-28 16:32:13.675215+00:00,20.161719,71.896803,6.43,317.11,317.11
419000774,MV HARBOR STAR,Harbour Tug,2026-08-28 17:02:13.675215+00:00,20.2361,71.825019,6.43,317.11,317.11
419000774,MV HARBOR STAR,Harbour Tug,2026-08-28 17:32:13.675215+00:00,20.307085,71.755148,6.43,317.11,317.11
419000774,MV HARBOR STAR,Harbour Tug,2026-08-28 18:02:13.675215+00:00,20.379053,71.680455,6.43,317.11,317.11
419000774,MV HARBOR STAR,Harbour Tug,2026-08-28 18:32:13.675215+00:00,20.453245,71.610383,6.43,317.11,317.11
419000774,MV HARBOR STAR,Harbour Tug,2026-08-28 19:02:13.675215+00:00,20.524758,71.539922,6.43,317.11,317.11
419000774,MV HARBOR STAR,Harbour Tug,2026-08-28 19:32:13.675215+00:00,20.598452,71.467475,6.43,317.11,317.11
419000774,MV HARBOR STAR,Harbour Tug,2026-08-28 20:02:13.675215+00:00,20.669915,71.397195,6.43,317.11,317.11
419000774,MV HARBOR STAR,Harbour Tug,2026-08-28 20:32:13.675215+00:00,20.744141,71.324989,6.43,317.11,317.11
419000774,MV HARBOR STAR,Harbour Tug,2026-08-28 21:02:13.675215+00:00,20.81778,71.252783,6.43,317.11,317.11
419003388,MV BLUE OCEAN,Bulk Carrier,2026-08-28 09:02:13.675215+00:00,19.018701,72.853379,13.86,147.36,147.36
419003388,MV BLUE OCEAN,Bulk Carrier,2026-08-28 09:32:13.675215+00:00,18.837821,72.976249,13.86,147.36,147.36
419003388,MV BLUE OCEAN,Bulk Carrier,2026-08-28 10:02:13.675215+00:00,18.658686,73.097983,13.86,147.36,147.36
419003388,MV BLUE OCEAN,Bulk Carrier,2026-08-28 10:32:13.675215+00:00,18.478955,73.219451,13.86,147.36,147.36
419003388,MV BLUE OCEAN,Bulk Carrier,2026-08-28 11:02:13.675215+00:00,18.299065,73.34144,13.86,147.36,147.36
419003388,MV BLUE OCEAN,Bulk Carrier,2026-08-28 11:32:13.675215+00:00,18.119053,73.464141,13.86,147.36,147.36
419003388,MV BLUE OCEAN,Bulk Carrier,2026-08-28 12:02:13.675215+00:00,17.938625,73.585641,13.86,147.36,147.36
419003388,MV BLUE OCEAN,Bulk Carrier,2026-08-28 12:32:13.675215+00:00,17.758325,73.708222,13.86,147.36,147.36
419003388,MV BLUE OCEAN,Bulk Carrier,2026-08-28 13:02:13.675215+00:00,17.577784,73.830506,13.86,147.36,147.36
419003388,MV BLUE OCEAN,Bulk Carrier,2026-08-28 13:32:13.675215+00:00,17.398222,73.949917,13.86,147.36,147.36
419003388,MV BLUE OCEAN,Bulk Carrier,2026-08-28 14:02:13.675215+00:00,17.218286,74.072512,13.86,147.36,147.36
419003388,MV BLUE OCEAN,Bulk Carrier,2026-08-28 14:32:13.675215+00:00,17.038785,74.194531,13.86,147.36,147.36
419003388,MV BLUE OCEAN,Bulk Carrier,2026-08-28 15:02:13.675215+00:00,16.857685,74.315538,13.86,147.36,147.36
419003388,MV BLUE OCEAN,Bulk Carrier,2026-08-28 15:32:13.675215+00:00,16.677609,74.437106,13.86,147.36,147.36
419003388,MV BLUE OCEAN,Bulk Carrier,2026-08-28 16:02:13.675215+00:00,16.496632,74.56165,13.86,147.36,147.36
419003388,MV BLUE OCEAN,Bulk Carrier,2026-08-28 16:32:13.675215+00:00,16.318457,74.683378,13.86,147.36,147.36
419003388,MV BLUE OCEAN,Bulk Carrier,2026-08-28 17:02:13.675215+00:00,16.136984,74.804995,13.86,147.36,147.36
419003388,MV BLUE OCEAN,Bulk Carrier,2026-08-28 17:32:13.675215+00:00,15.957684,74.926102,13.86,147.36,147.36
419003388,MV BLUE OCEAN,Bulk Carrier,2026-08-28 18:02:13.675215+00:00,15.778818,75.049727,13.86,147.36,147.36
419003388,MV BLUE OCEAN,Bulk Carrier,2026-08-28 18:32:13.675215+00:00,15.597368,75.171043,13.86,147.36,147.36
419003388,MV BLUE OCEAN,Bulk Carrier,2026-08-28 19:02:13.675215+00:00,15.41764,75.291384,13.86,147.36,147.36
419003388,MV BLUE OCEAN,Bulk Carrier,2026-08-28 19:32:13.675215+00:00,15.237205,75.414467,13.86,147.36,147.36
419003388,MV BLUE OCEAN,Bulk Carrier,2026-08-28 20:02:13.675215+00:00,15.05653,75.536784,13.86,147.36,147.36
419003388,MV BLUE OCEAN,Bulk Carrier,2026-08-28 20:32:13.675215+00:00,14.878699,75.659518,13.86,147.36,147.36
419003388,MV BLUE OCEAN,Bulk Carrier,2026-08-28 21:02:13.675215+00:00,14.696732,75.781459,13.86,147.36,147.36
477119600,MV SOUTHERN CROSS,Container Ship,2026-08-28 09:02:13.675215+00:00,18.963715,72.811865,10.73,254.33,254.33
477119600,MV SOUTHERN CROSS,Container Ship,2026-08-28 09:32:13.675215+00:00,18.91951,72.644134,10.73,254.33,254.33
477119600,MV SOUTHERN CROSS,Container Ship,2026-08-28 10:02:13.675215+00:00,18.874952,72.475764,10.73,254.33,254.33
477119600,MV SOUTHERN CROSS,Container Ship,2026-08-28 10:32:13.675215+00:00,18.83036,72.306265,10.73,254.33,254.33
477119600,MV SOUTHERN CROSS,Container Ship,2026-08-28 11:02:13.675215+00:00,18.785859,72.138288,10.73,254.33,254.33
477119600,MV SOUTHERN CROSS,Container Ship,2026-08-28 11:32:13.675215+00:00,18.74175,71.969016,10.73,254.33,254.33
477119600,MV SOUTHERN CROSS,Container Ship,2026-08-28 12:02:13.675215+00:00,18.696763,71.801162,10.73,254.33,254.33
477119600,MV SOUTHERN CROSS,Container Ship,2026-08-28 12:32:13.675215+00:00,18.650137,71.632054,10.73,254.33,254.33
477119600,MV SOUTHERN CROSS,Container Ship,2026-08-28 13:02:13.675215+00:00,18.605687,71.464217,10.73,254.33,254.33
477119600,MV SOUTHERN CROSS,Container Ship,2026-08-28 13:32:13.675215+00:00,18.561646,71.294856,10.73,254.33,254.33
477119600,MV SOUTHERN CROSS,Container Ship,2026-08-28 14:02:13.675215+00:00,18.516492,71.128466,10.73,254.33,254.33
477119600,MV SOUTHERN CROSS,Container Ship,2026-08-28 14:32:13.675215+00:00,18.473179,70.958538,10.73,254.33,254.33
477119600,MV SOUTHERN CROSS,Container Ship,2026-08-28 15:02:13.675215+00:00,18.427111,70.789722,10.73,254.33,254.33
477119600,MV SOUTHERN CROSS,Container Ship,2026-08-28 15:32:13.675215+00:00,18.382856,70.620245,10.73,254.33,254.33
477119600,MV SOUTHERN CROSS,Container Ship,2026-08-28 16:02:13.675215+00:00,18.337444,70.451165,10.73,254.33,254.33
477119600,MV SOUTHERN CROSS,Container Ship,2026-08-28 16:32:13.675215+00:00,18.293254,70.284455,10.73,254.33,254.33
477119600,MV SOUTHERN CROSS,Container Ship,2026-08-28 17:02:13.675215+00:00,18.247833,70.116633,10.73,254.33,254.33
477119600,MV SOUTHERN CROSS,Container Ship,2026-08-28 17:32:13.675215+00:00,18.202523,69.945639,10.73,254.33,254.33
477119600,MV SOUTHERN CROSS,Container Ship,2026-08-28 18:02:13.675215+00:00,18.158968,69.779085,10.73,254.33,254.33
477119600,MV SOUTHERN CROSS,Container Ship,2026-08-28 18:32:13.675215+00:00,18.11542,69.609318,10.73,254.33,254.33
477119600,MV SOUTHERN CROSS,Container Ship,2026-08-28 19:02:13.675215+00:00,18.07022,69.441091,10.73,254.33,254.33
477119600,MV SOUTHERN CROSS,Container Ship,2026-08-28 19:32:13.675215+00:00,18.024504,69.273266,10.73,254.33,254.33
477119600,MV SOUTHERN CROSS,Container Ship,2026-08-28 20:02:13.675215+00:00,17.980448,69.102735,10.73,254.33,254.33
477119600,MV SOUTHERN CROSS,Container Ship,2026-08-28 20:32:13.675215+00:00,17.936392,68.936537,10.73,254.33,254.33
477119600,MV SOUTHERN CROSS,Container Ship,2026-08-28 21:02:13.675215+00:00,17.889995,68.767186,10.73,254.33,254.33
